PairIndex,Image1,Image2,Time(s),Matches
0,image0001.jpg,image0002.jpg,8.526,191
1,image0002.jpg,image0003.jpg,9.953,148
2,image0003.jpg,image0004.jpg,9.124,190
3,image0004.jpg,image0005.jpg,6.500,201
4,image0005.jpg,image0006.jpg,8.638,191
5,image0006.jpg,image0007.jpg,7.550,186
6,image0007.jpg,image0008.jpg,6.369,203
7,image0008.jpg,image0009.jpg,6.735,195
8,image0009.jpg,image0010.jpg,6.731,216
9,image0010.jpg,image0011.jpg,10.198,193
10,image0011.jpg,image0012.jpg,7.427,156
11,image0012.jpg,image0013.jpg,7.258,178
12,image0013.jpg,image0014.jpg,7.972,162
13,image0014.jpg,image0015.jpg,9.782,186
14,image0015.jpg,image0016.jpg,7.518,146
15,image0016.jpg,image0017.jpg,5.746,131
16,image0017.jpg,image0018.jpg,7.163,135
17,image0018.jpg,image0019.jpg,6.111,181
18,image0019.jpg,image0020.jpg,8.339,193
19,image0020.jpg,image0021.jpg,6.174,193
20,image0021.jpg,image0022.jpg,7.515,185
21,image0022.jpg,image0023.jpg,8.853,183
22,image0023.jpg,image0024.jpg,10.400,173
23,image0024.jpg,image0025.jpg,10.514,179
24,image0025.jpg,image0026.jpg,15.408,193
25,image0026.jpg,image0027.jpg,13.933,195
26,image0027.jpg,image0028.jpg,14.356,200
27,image0028.jpg,image0029.jpg,7.374,199
28,image0029.jpg,image0030.jpg,12.429,209
29,image0030.jpg,image0031.jpg,8.804,196
30,image0031.jpg,image0032.jpg,7.418,193
31,image0032.jpg,image0033.jpg,7.329,199
32,image0033.jpg,image0034.jpg,6.279,207
33,image0034.jpg,image0035.jpg,6.456,203
34,image0035.jpg,image0036.jpg,6.067,192
35,image0036.jpg,image0037.jpg,5.620,174
36,image0037.jpg,image0038.jpg,5.311,174
37,image0038.jpg,image0039.jpg,6.024,190
38,image0039.jpg,image0040.jpg,8.108,194
39,image0040.jpg,image0041.jpg,6.191,181
40,image0041.jpg,image0042.jpg,8.106,192
41,image0042.jpg,image0043.jpg,7.895,175
42,image0043.jpg,image0044.jpg,6.289,186
43,image0044.jpg,image0045.jpg,5.601,190
44,image0045.jpg,image0046.jpg,5.566,191
45,image0046.jpg,image0047.jpg,4.222,190
46,image0047.jpg,image0048.jpg,6.143,184
47,image0048.jpg,image0049.jpg,5.309,191
48,image0049.jpg,image0050.jpg,4.644,195
49,image0050.jpg,image0051.jpg,4.617,201
50,image0051.jpg,image0052.jpg,6.170,194
51,image0052.jpg,image0053.jpg,7.798,192
52,image0053.jpg,image0054.jpg,6.975,173
53,image0054.jpg,image0055.jpg,8.290,179
54,image0055.jpg,image0056.jpg,10.006,190
55,image0056.jpg,image0057.jpg,9.052,183
56,image0057.jpg,image0058.jpg,16.764,194
57,image0058.jpg,image0059.jpg,11.782,175
58,image0059.jpg,image0060.jpg,8.212,181
59,image0060.jpg,image0061.jpg,6.894,187
60,image0061.jpg,image0062.jpg,13.362,173
61,image0062.jpg,image0063.jpg,12.281,165
62,image0063.jpg,image0064.jpg,7.021,170
63,image0064.jpg,image0065.jpg,6.477,164
64,image0065.jpg,image0066.jpg,6.078,167
65,image0066.jpg,image0067.jpg,7.749,169
66,image0067.jpg,image0068.jpg,7.099,184
67,image0068.jpg,image0069.jpg,6.816,186
68,image0069.jpg,image0070.jpg,5.624,185
69,image0070.jpg,image0071.jpg,6.004,186
70,image0071.jpg,image0072.jpg,5.807,190
71,image0072.jpg,image0073.jpg,6.580,178
72,image0073.jpg,image0074.jpg,6.227,170
73,image0074.jpg,image0075.jpg,6.604,178
74,image0075.jpg,image0076.jpg,6.173,187
75,image0076.jpg,image0077.jpg,6.243,171
76,image0077.jpg,image0078.jpg,5.694,184
77,image0078.jpg,image0079.jpg,5.849,156
78,image0079.jpg,image0080.jpg,4.984,167
79,image0080.jpg,image0081.jpg,5.079,141
80,image0081.jpg,image0082.jpg,7.604,159
81,image0082.jpg,image0083.jpg,12.312,140
82,image0083.jpg,image0084.jpg,7.122,126
83,image0084.jpg,image0085.jpg,7.064,166
84,image0085.jpg,image0086.jpg,6.775,158
85,image0086.jpg,image0087.jpg,7.772,173
86,image0087.jpg,image0088.jpg,6.399,162
87,image0088.jpg,image0089.jpg,6.198,183
88,image0089.jpg,image0090.jpg,7.564,142
89,image0090.jpg,image0091.jpg,7.118,143
90,image0091.jpg,image0092.jpg,5.715,155
91,image0092.jpg,image0093.jpg,5.505,144
92,image0093.jpg,image0094.jpg,6.701,140
93,image0094.jpg,image0095.jpg,7.641,113
94,image0095.jpg,image0096.jpg,6.165,150
95,image0096.jpg,image0097.jpg,5.584,156
96,image0097.jpg,image0098.jpg,5.485,147
97,image0098.jpg,image0099.jpg,5.461,149
98,image0099.jpg,image0100.jpg,3.897,174
99,image0100.jpg,image0101.jpg,5.051,170
100,image0101.jpg,image0102.jpg,7.835,155
101,image0102.jpg,image0103.jpg,9.989,134
102,image0103.jpg,image0104.jpg,7.643,155
103,image0104.jpg,image0105.jpg,7.204,152
104,image0105.jpg,image0106.jpg,6.062,136
105,image0106.jpg,image0107.jpg,5.668,150
106,image0107.jpg,image0108.jpg,7.138,133
107,image0108.jpg,image0109.jpg,6.866,141
108,image0109.jpg,image0110.jpg,6.939,124
109,image0110.jpg,image0111.jpg,7.634,154
110,image0111.jpg,image0112.jpg,7.121,119
111,image0112.jpg,image0113.jpg,7.698,154
112,image0113.jpg,image0114.jpg,6.450,138
113,image0114.jpg,image0115.jpg,5.729,162
114,image0115.jpg,image0116.jpg,6.080,149
115,image0116.jpg,image0117.jpg,4.995,150
116,image0117.jpg,image0118.jpg,5.169,174
117,image0118.jpg,image0119.jpg,3.859,176
118,image0119.jpg,image0120.jpg,5.059,167
119,image0120.jpg,image0121.jpg,4.584,169
120,image0121.jpg,image0122.jpg,3.694,155
121,image0122.jpg,image0123.jpg,5.508,144
122,image0123.jpg,image0124.jpg,6.455,154
123,image0124.jpg,image0125.jpg,4.913,170
124,image0125.jpg,image0126.jpg,5.931,187
125,image0126.jpg,image0127.jpg,4.921,171
126,image0127.jpg,image0128.jpg,4.039,206
127,image0128.jpg,image0129.jpg,5.399,190
128,image0129.jpg,image0130.jpg,6.615,189
129,image0130.jpg,image0131.jpg,5.962,195
130,image0131.jpg,image0132.jpg,6.419,187
131,image0132.jpg,image0133.jpg,5.521,196
132,image0133.jpg,image0134.jpg,5.031,186
133,image0134.jpg,image0135.jpg,5.831,174
134,image0135.jpg,image0136.jpg,5.883,183
135,image0136.jpg,image0137.jpg,5.930,174
136,image0137.jpg,image0138.jpg,4.883,202
137,image0138.jpg,image0139.jpg,6.266,206
138,image0139.jpg,image0140.jpg,7.483,179
139,image0140.jpg,image0141.jpg,6.786,195
140,image0141.jpg,image0142.jpg,6.246,199
141,image0142.jpg,image0143.jpg,5.960,192
142,image0143.jpg,image0144.jpg,6.471,202
143,image0144.jpg,image0145.jpg,5.673,194
144,image0145.jpg,image0146.jpg,5.965,202
145,image0146.jpg,image0147.jpg,6.648,205
146,image0147.jpg,image0148.jpg,7.494,204
147,image0148.jpg,image0149.jpg,7.681,212
148,image0149.jpg,image0150.jpg,5.315,214
149,image0150.jpg,image0151.jpg,5.582,214
150,image0151.jpg,image0152.jpg,7.029,211
151,image0152.jpg,image0153.jpg,6.560,205
152,image0153.jpg,image0154.jpg,7.059,204
153,image0154.jpg,image0155.jpg,6.237,200
154,image0155.jpg,image0156.jpg,7.297,198
155,image0156.jpg,image0157.jpg,7.187,206
156,image0157.jpg,image0158.jpg,5.889,205
157,image0158.jpg,image0159.jpg,6.470,205
158,image0159.jpg,image0160.jpg,5.873,194
159,image0160.jpg,image0161.jpg,6.105,206
160,image0161.jpg,image0162.jpg,4.812,203
161,image0162.jpg,image0163.jpg,5.501,209
162,image0163.jpg,image0164.jpg,7.838,190
163,image0164.jpg,image0165.jpg,7.463,198
164,image0165.jpg,image0166.jpg,7.024,207
165,image0166.jpg,image0167.jpg,6.849,199
166,image0167.jpg,image0168.jpg,6.719,202
167,image0168.jpg,image0169.jpg,6.823,199
168,image0169.jpg,image0170.jpg,5.477,200
169,image0170.jpg,image0171.jpg,5.343,205
170,image0171.jpg,image0172.jpg,5.209,195
171,image0172.jpg,image0173.jpg,5.215,193
172,image0173.jpg,image0174.jpg,8.032,195
173,image0174.jpg,image0175.jpg,9.322,197
174,image0175.jpg,image0176.jpg,12.453,199
175,image0176.jpg,image0177.jpg,41.892,194
176,image0177.jpg,image0178.jpg,34.918,197
177,image0178.jpg,image0179.jpg,36.378,210
178,image0179.jpg,image0180.jpg,19.652,190
179,image0180.jpg,image0181.jpg,19.260,200
180,image0181.jpg,image0182.jpg,17.425,190
181,image0182.jpg,image0183.jpg,20.913,197
182,image0183.jpg,image0184.jpg,17.393,203
183,image0184.jpg,image0185.jpg,17.981,202
184,image0185.jpg,image0186.jpg,10.864,200
185,image0186.jpg,image0187.jpg,11.319,197
186,image0187.jpg,image0188.jpg,7.876,197
187,image0188.jpg,image0189.jpg,16.012,204
188,image0189.jpg,image0190.jpg,10.940,199
189,image0190.jpg,image0191.jpg,9.918,211
190,image0191.jpg,image0192.jpg,9.602,200
191,image0192.jpg,image0193.jpg,5.988,206
192,image0193.jpg,image0194.jpg,6.834,201
193,image0194.jpg,image0195.jpg,7.142,201
194,image0195.jpg,image0196.jpg,7.649,209
195,image0196.jpg,image0197.jpg,8.913,209
196,image0197.jpg,image0198.jpg,6.744,202
197,image0198.jpg,image0199.jpg,7.685,203
198,image0199.jpg,image0200.jpg,6.884,199
199,image0200.jpg,image0201.jpg,6.504,189
200,image0201.jpg,image0202.jpg,5.922,195
201,image0202.jpg,image0203.jpg,8.091,201
202,image0203.jpg,image0204.jpg,11.030,204
203,image0204.jpg,image0205.jpg,7.623,207
204,image0205.jpg,image0206.jpg,6.144,194
205,image0206.jpg,image0207.jpg,7.505,196
206,image0207.jpg,image0208.jpg,6.675,210
207,image0208.jpg,image0209.jpg,6.904,202
208,image0209.jpg,image0210.jpg,7.495,200
209,image0210.jpg,image0211.jpg,7.320,202
210,image0211.jpg,image0212.jpg,7.895,201
211,image0212.jpg,image0213.jpg,8.007,201
212,image0213.jpg,image0214.jpg,6.893,209
213,image0214.jpg,image0215.jpg,7.341,207
214,image0215.jpg,image0216.jpg,6.918,200
215,image0216.jpg,image0217.jpg,10.741,205
216,image0217.jpg,image0218.jpg,6.839,205
217,image0218.jpg,image0219.jpg,7.859,208
218,image0219.jpg,image0220.jpg,7.428,197
219,image0220.jpg,image0221.jpg,6.384,200
220,image0221.jpg,image0222.jpg,7.752,215
221,image0222.jpg,image0223.jpg,6.212,195
222,image0223.jpg,image0224.jpg,6.914,205
223,image0224.jpg,image0225.jpg,7.650,207
224,image0225.jpg,image0226.jpg,6.494,196
225,image0226.jpg,image0227.jpg,9.219,207
226,image0227.jpg,image0228.jpg,9.119,202
227,image0228.jpg,image0229.jpg,8.074,201
228,image0229.jpg,image0230.jpg,9.369,171
229,image0230.jpg,image0231.jpg,9.738,188
230,image0231.jpg,image0232.jpg,9.924,185
231,image0232.jpg,image0233.jpg,6.968,197
232,image0233.jpg,image0234.jpg,6.254,184
233,image0234.jpg,image0235.jpg,6.392,196
234,image0235.jpg,image0236.jpg,6.089,192
235,image0236.jpg,image0237.jpg,6.776,192
236,image0237.jpg,image0238.jpg,8.937,181
237,image0238.jpg,image0239.jpg,9.685,182
238,image0239.jpg,image0240.jpg,12.857,181
239,image0240.jpg,image0241.jpg,8.956,195
240,image0241.jpg,image0242.jpg,8.344,181
241,image0242.jpg,image0243.jpg,8.849,181
242,image0243.jpg,image0244.jpg,7.801,203
243,image0244.jpg,image0245.jpg,8.200,201
244,image0245.jpg,image0246.jpg,7.351,204
245,image0246.jpg,image0247.jpg,9.032,212
246,image0247.jpg,image0248.jpg,18.534,197
247,image0248.jpg,image0249.jpg,8.625,207
248,image0249.jpg,image0250.jpg,9.577,198
249,image0250.jpg,image0251.jpg,8.221,206
250,image0251.jpg,image0252.jpg,8.571,209
251,image0252.jpg,image0253.jpg,12.697,202
252,image0253.jpg,image0254.jpg,13.341,199
253,image0254.jpg,image0255.jpg,15.491,192
254,image0255.jpg,image0256.jpg,8.371,203
255,image0256.jpg,image0257.jpg,6.870,206
256,image0257.jpg,image0258.jpg,8.240,197
257,image0258.jpg,image0259.jpg,10.244,199
258,image0259.jpg,image0260.jpg,9.390,201
259,image0260.jpg,image0261.jpg,9.307,203
260,image0261.jpg,image0262.jpg,7.265,202
261,image0262.jpg,image0263.jpg,8.690,205
262,image0263.jpg,image0264.jpg,6.459,203
263,image0264.jpg,image0265.jpg,6.715,209
264,image0265.jpg,image0266.jpg,6.173,208
265,image0266.jpg,image0267.jpg,9.853,208
266,image0267.jpg,image0268.jpg,7.118,207
267,image0268.jpg,image0269.jpg,8.279,204
268,image0269.jpg,image0270.jpg,7.975,209
269,image0270.jpg,image0271.jpg,8.778,198
270,image0271.jpg,image0272.jpg,7.869,197
271,image0272.jpg,image0273.jpg,8.289,182
272,image0273.jpg,image0274.jpg,7.809,203
273,image0274.jpg,image0275.jpg,7.842,193
274,image0275.jpg,image0276.jpg,7.056,172
275,image0276.jpg,image0277.jpg,10.596,197
276,image0277.jpg,image0278.jpg,7.806,178
277,image0278.jpg,image0279.jpg,10.000,181
278,image0279.jpg,image0280.jpg,7.522,191
279,image0280.jpg,image0281.jpg,7.515,192
280,image0281.jpg,image0282.jpg,6.522,208
281,image0282.jpg,image0283.jpg,10.086,208
282,image0283.jpg,image0284.jpg,9.371,207
283,image0284.jpg,image0285.jpg,8.210,206
284,image0285.jpg,image0286.jpg,7.578,204
285,image0286.jpg,image0287.jpg,6.251,198
286,image0287.jpg,image0288.jpg,7.520,211
287,image0288.jpg,image0289.jpg,6.581,206
288,image0289.jpg,image0290.jpg,8.106,201
289,image0290.jpg,image0291.jpg,17.586,204
290,image0291.jpg,image0292.jpg,12.360,199
291,image0292.jpg,image0293.jpg,6.339,205
292,image0293.jpg,image0294.jpg,6.075,209
293,image0294.jpg,image0295.jpg,6.781,203
294,image0295.jpg,image0296.jpg,7.966,207
295,image0296.jpg,image0297.jpg,7.235,209
296,image0297.jpg,image0298.jpg,9.486,198
297,image0298.jpg,image0299.jpg,9.870,202
298,image0299.jpg,image0300.jpg,13.734,202
299,image0300.jpg,image0301.jpg,15.126,197
300,image0301.jpg,image0302.jpg,9.611,202
301,image0302.jpg,image0303.jpg,9.176,206
302,image0303.jpg,image0304.jpg,8.401,206
303,image0304.jpg,image0305.jpg,11.814,207
304,image0305.jpg,image0306.jpg,9.142,202
305,image0306.jpg,image0307.jpg,7.561,198
306,image0307.jpg,image0308.jpg,7.915,192
307,image0308.jpg,image0309.jpg,8.912,198
308,image0309.jpg,image0310.jpg,8.036,194
309,image0310.jpg,image0311.jpg,10.697,183
310,image0311.jpg,image0312.jpg,10.464,198
311,image0312.jpg,image0313.jpg,9.409,203
312,image0313.jpg,image0314.jpg,8.688,198
313,image0314.jpg,image0315.jpg,8.614,200
314,image0315.jpg,image0316.jpg,6.269,186
315,image0316.jpg,image0317.jpg,7.550,196
316,image0317.jpg,image0318.jpg,9.222,198
317,image0318.jpg,image0319.jpg,9.469,200
318,image0319.jpg,image0320.jpg,15.535,188
319,image0320.jpg,image0321.jpg,16.453,197
320,image0321.jpg,image0322.jpg,11.223,190
321,image0322.jpg,image0323.jpg,8.044,197
322,image0323.jpg,image0324.jpg,11.016,193
323,image0324.jpg,image0325.jpg,14.831,199
324,image0325.jpg,image0326.jpg,9.541,194
325,image0326.jpg,image0327.jpg,13.092,200
326,image0327.jpg,image0328.jpg,11.254,191
327,image0328.jpg,image0329.jpg,10.675,197
328,image0329.jpg,image0330.jpg,12.949,191
329,image0330.jpg,image0331.jpg,13.148,204
330,image0331.jpg,image0332.jpg,8.961,201
331,image0332.jpg,image0333.jpg,10.295,204
332,image0333.jpg,image0334.jpg,11.570,200
333,image0334.jpg,image0335.jpg,11.921,209
334,image0335.jpg,image0336.jpg,17.607,206
335,image0336.jpg,image0337.jpg,12.041,214
336,image0337.jpg,image0338.jpg,11.108,206
337,image0338.jpg,image0339.jpg,14.768,213
338,image0339.jpg,image0340.jpg,13.883,202
339,image0340.jpg,image0341.jpg,27.386,203
340,image0341.jpg,image0342.jpg,49.493,203
341,image0342.jpg,image0343.jpg,9.405,202
342,image0343.jpg,image0344.jpg,10.157,209
343,image0344.jpg,image0345.jpg,8.495,203
344,image0345.jpg,image0346.jpg,12.115,209
345,image0346.jpg,image0347.jpg,10.584,210
346,image0347.jpg,image0348.jpg,9.220,207
347,image0348.jpg,image0349.jpg,7.985,202
348,image0349.jpg,image0350.jpg,7.307,204
349,image0350.jpg,image0351.jpg,23.553,206
350,image0351.jpg,image0352.jpg,13.556,208
351,image0352.jpg,image0353.jpg,12.460,202
352,image0353.jpg,image0354.jpg,8.688,203
353,image0354.jpg,image0355.jpg,7.523,205
354,image0355.jpg,image0356.jpg,8.366,208
355,image0356.jpg,image0357.jpg,10.785,203
356,image0357.jpg,image0358.jpg,8.213,201
357,image0358.jpg,image0359.jpg,12.353,204
358,image0359.jpg,image0360.jpg,13.017,208
359,image0360.jpg,image0361.jpg,8.820,205
360,image0361.jpg,image0362.jpg,7.695,214
361,image0362.jpg,image0363.jpg,9.411,205
362,image0363.jpg,image0364.jpg,14.300,196
363,image0364.jpg,image0365.jpg,26.977,184
364,image0365.jpg,image0366.jpg,17.352,196
365,image0366.jpg,image0367.jpg,11.554,197
366,image0367.jpg,image0368.jpg,31.245,209
367,image0368.jpg,image0369.jpg,24.749,202
368,image0369.jpg,image0370.jpg,21.672,206
369,image0370.jpg,image0371.jpg,13.675,194
370,image0371.jpg,image0372.jpg,22.641,198
371,image0372.jpg,image0373.jpg,13.587,183
372,image0373.jpg,image0374.jpg,16.469,186
373,image0374.jpg,image0375.jpg,13.744,182
374,image0375.jpg,image0376.jpg,12.767,191
375,image0376.jpg,image0377.jpg,19.873,191
376,image0377.jpg,image0378.jpg,14.430,196
377,image0378.jpg,image0379.jpg,18.665,192
378,image0379.jpg,image0380.jpg,17.876,192
